jigaboo,English badwords
mound of venus,English badwords
asslover,English badwords
s&m,English badwords
queaf,English badwords
whitetrash,English badwords
meatrack,English badwords
ra8s,English badwords
pimp,English badwords
urine,English badwords
whit,English badwords
randy,English badwords
herpes,English badwords
niglet,English badwords
narcotic,English badwords
pudboy,English badwords
rimming,English badwords
boner,English badwords
pornography,English badwords
poop chute,English badwords
israel,English badwords
dong,English badwords
slanteye,English badwords
muffdiving,English badwords
jiggabo,English badwords
assassination,English badwords
peepshpw,English badwords
popimp,English badwords
girl on,English badwords
testicles,English badwords
laid,English badwords
molestor,English badwords
peni5,English badwords
tranny,English badwords
barface,English badwords
hell,English badwords
arsehole,English badwords
pissed,English badwords
sixsixsix,English badwords
execute,English badwords
shitty ,English badwords
conspiracy,English badwords
hamas,English badwords
cunilingus,English badwords
bitcher,English badwords
muslim,English badwords
pee,English badwords
niggled,English badwords
muffindiver,English badwords
cocksman,English badwords
scag,English badwords
aroused,English badwords
niggling,English badwords
fingerfucker ,English badwords
nlggor,English badwords
niggaz,English badwords
assfuck,English badwords
slant,English badwords
urinate,English badwords
mothafucked ,English badwords
fungus,English badwords
retard,English badwords
gummer,English badwords
venus mound,English badwords
alla,English badwords
spaghettinigger,English badwords
piss,English badwords
mickeyfinn,English badwords
fuckers,English badwords
jizzim,English badwords
tramp,English badwords
quashie,English badwords
prince albert piercing,English badwords
hardon,English badwords
menage a trois,English badwords
bukkake,English badwords
shag,English badwords
australian,English badwords
raped,English badwords
buggery,English badwords
deth,English badwords
weenie,English badwords
lickme,English badwords
reverse cowgirl,English badwords
tonguetramp,English badwords
cum,English badwords
copulate,English badwords
gun,English badwords
schlong,English badwords
cunn,English badwords
damnit,English badwords
crackpipe,English badwords
buttmuncher,English badwords
cameltoe,English badwords
camgirl,English badwords
hotpussy,English badwords
cuntfucker,English badwords
slave,English badwords
sluts,English badwords
ball licking,English badwords
hentai,English badwords
jackshit,English badwords
dickman,English badwords
doo-doo,English badwords
gook,English badwords
crimes,English badwords
ho,English badwords
bomd,English badwords
shitdick,English badwords
slapper,English badwords
urinary,English badwords
tantra,English badwords
nookie,English badwords
fuckedup,English badwords
gubba,English badwords
niggur,English badwords
cybersex,English badwords
dicklicker,English badwords
cunillingus,English badwords
hitlerism,English badwords
butt,English badwords
triplex,English badwords
busty,English badwords
dicklick,English badwords
kunilingus,English badwords
asian,English badwords
tonguethrust,English badwords
fistfucking ,English badwords
assmonkey,English badwords
criminal,English badwords
cockknob,English badwords
koon,English badwords
children's,English badwords
shat,English badwords
footfucker,English badwords
blonde action,English badwords
spitter,English badwords
weapon,English badwords
dive,English badwords
cumm,English badwords
cuntlicking ,English badwords
sexy-slim,English badwords
lemon party,English badwords
vibrater,English badwords
upskirt,English badwords
jijjiboo,English badwords
fuckfriend,English badwords
pthc,English badwords
mothafucka,English badwords
sniggered,English badwords
buttfuckers,English badwords
nutfucker,English badwords
peehole,English badwords
taboo,English badwords
erection,English badwords
nudity,English badwords
bast,English badwords
lesbayn,English badwords
hummer,English badwords
shortfuck,English badwords
cherrypopper,English badwords
adult,English badwords
palestinian,English badwords
pussylips,English badwords
nooner,English badwords
how to kill,English badwords
blumpkin,English badwords
stiffy,English badwords
piss pig,English badwords
beastiality,English badwords
latin,English badwords
butchbabes,English badwords
spunk,English badwords
gross,English badwords
xx,English badwords
crackwhore,English badwords
butt-fuckers,English badwords
kraut,English badwords
pooping,English badwords
style doggy,English badwords
lactate,English badwords
fecal,English badwords
rusty trombone,English badwords
wrinkled starfish,English badwords
spigotty,English badwords
dink,English badwords
clogwog,English badwords
whitey,English badwords
dies,English badwords
radical,English badwords
slaughter,English badwords
bollick,English badwords
sodomite,English badwords
balls,English badwords
nimphomania,English badwords
ball gag,English badwords
poof,English badwords
muff diver,English badwords
jail bait,English badwords
beaver,English badwords
asspirate,English badwords
bareback,English badwords
pimpjuice,English badwords
ballsack,English badwords
bi-sexual,English badwords
torture,English badwords
limey,English badwords
nookey,English badwords
breastman,English badwords
loser,English badwords
kills,English badwords
lesbo,English badwords
beatyourmeat,English badwords
lovemaking,English badwords
munt,English badwords
clitoris,English badwords
fornicate,English badwords
wet dream,English badwords
double penetration,English badwords
missionary position,English badwords
bugger,English badwords
lovejuice,English badwords
date rape,English badwords
eatballs,English badwords
handjob,English badwords
nlgger,English badwords
dixiedyke,English badwords
junglebunny,English badwords
sonofabitch,English badwords
goddamned,English badwords
deep throat,English badwords
jism,English badwords
assclown,English badwords
shitforbrains,English badwords
screwyou,English badwords
ethiopian,English badwords
nastyslut,English badwords
gang bang,English badwords
lubejob,English badwords
tied up,English badwords
make me come,English badwords
rimjob,English badwords
sexfarm,English badwords
tight white,English badwords
lezbe,English badwords
lezbo,English badwords
tribadism,English badwords
butt-bang,English badwords
asskiss,English badwords
sadism,English badwords
biteme,English badwords
angie,English badwords
abortion,English badwords
murderer,English badwords
motherfucker,English badwords
sextoy,English badwords
2g1c,English badwords
doggy style,English badwords
cunntt,English badwords
cooly,English badwords
ball sack,English badwords
sodom,English badwords
slideitin,English badwords
fudge packer,English badwords
fatfuck,English badwords
god,English badwords
gipp,English badwords
communist,English badwords
felatio ,English badwords
libido,English badwords
xtc,English badwords
cuntfuck,English badwords
niggardly,English badwords
fuckface,English badwords
faggot,English badwords
protestant,English badwords
trailertrash,English badwords
headfuck,English badwords
shav,English badwords
dickweed,English badwords
refugee,English badwords
trannie,English badwords
giant cock,English badwords
sexhound,English badwords
slut,English badwords
dead,English badwords
titlover,English badwords
wank,English badwords
moslem,English badwords
krappy,English badwords
black cock,English badwords
idiot,English badwords
tortur,English badwords
erotic,English badwords
donkey punch,English badwords
dirty pillows,English badwords
cockcowboy,English badwords
sucker,English badwords
cocktail,English badwords
doom,English badwords
hymen,English badwords
vibr,English badwords
terrorist,English badwords
mufflikcer,English badwords
phonesex,English badwords
teste,English badwords
pisshead,English badwords
slime,English badwords
brea5t,English badwords
tea bagging,English badwords
slutt,English badwords
cumbubble,English badwords
blackout,English badwords
hijacking,English badwords
premature,English badwords
sextogo,English badwords
arse,English badwords
racist,English badwords
jimfish,English badwords
flydye,English badwords
juggs,English badwords
jade,English badwords
wigger,English badwords
niggard's,English badwords
jigg,English badwords
dumb,English badwords
devilworshipper,English badwords
firing,English badwords
gatorbait,English badwords
murder,English badwords
chinese,English badwords
fastfuck,English badwords
spik,English badwords
nuke,English badwords
bastinado,English badwords
kondum,English badwords
pansy,English badwords
destroy,English badwords
ikey,English badwords
women rapping,English badwords
titfucker,English badwords
crime,English badwords
swinger,English badwords
shitola,English badwords
killer,English badwords
fart,English badwords
booby,English badwords
pimpsimp,English badwords
coon,English badwords
strap on,English badwords
zigabo,English badwords
faith,English badwords
bisexual,English badwords
gangsta,English badwords
teat,English badwords
boobies,English badwords
kafir,English badwords
dp action,English badwords
jugs,English badwords
husky,English badwords
homoerotic,English badwords
twinkie,English badwords
spooge,English badwords
kink,English badwords
sleezebag,English badwords
gay,English badwords
homo,English badwords
slutwhore,English badwords
dickless,English badwords
cumfest,English badwords
israeli,English badwords
fuk,English badwords
niggardliness,English badwords
nigr,English badwords
goddamit,English badwords
sandnigger,English badwords
dope,English badwords
insest,English badwords
foreskin,English badwords
acrotomophilia,English badwords
dumbbitch,English badwords
fuckmonkey,English badwords
pubiclice,English badwords
cyberslimer,English badwords
titfuck,English badwords
cummer,English badwords
kumquat,English badwords
one guy one jar,English badwords
fire,English badwords
sexo,English badwords
carruth,English badwords
cocktease,English badwords
trisexual,English badwords
pric,English badwords
rabbi,English badwords
gypp,English badwords
cunnilingus,English badwords
dipshit,English badwords
welfare,English badwords
arabs,English badwords
transvestite,English badwords
tnt,English badwords
penile,English badwords
mothafuckings,English badwords
peckerwood,English badwords
enemy,English badwords
negroid,English badwords
genital,English badwords
gangbanger,English badwords
queef,English badwords
strapon,English badwords
thicklips,English badwords
female squirting,English badwords
flydie,English badwords
crabs,English badwords
christ,English badwords
ejaculate,English badwords
carpet muncher,English badwords
lucifer,English badwords
butchdyke,English badwords
vatican,English badwords
skumbag,English badwords
horseshit,English badwords
eunuch,English badwords
dickforbrains,English badwords
bondage,English badwords
kumbullbe,English badwords
crack,English badwords
niggerhole,English badwords
niggard,English badwords
rosy palm,English badwords
assranger,English badwords
beat-off,English badwords
bastard ,English badwords
asspuppies,English badwords
jiggerboo,English badwords
cuntlick ,English badwords
pommie,English badwords
doggie style,English badwords
lezz,English badwords
jesuschrist,English badwords
nazi,English badwords
feltch,English badwords
chode,English badwords
pleasure chest,English badwords
wetback,English badwords
zipperhead,English badwords
necro,English badwords
goddamnmuthafucker,English badwords
whiskeydick,English badwords
slopy,English badwords
executioner,English badwords
colored,English badwords
ethnic,English badwords
turnon,English badwords
hole,English badwords
nofuckingway,English badwords
mastrabator,English badwords
jack off,English badwords
orgies,English badwords
pisses ,English badwords
blow j,English badwords
criminals,English badwords
cockqueen,English badwords
tosser,English badwords
snownigger,English badwords
holestuffer,English badwords
dipstick,English badwords
mofo,English badwords
nipplering,English badwords
minority,English badwords
italiano,English badwords
palesimian,English badwords
poo,English badwords
horn,English badwords
rape,English badwords
genitals,English badwords
conservative,English badwords
jebus,English badwords
bullcrap,English badwords
dick,English badwords
cumqueen,English badwords
spread legs,English badwords
cancer,English badwords
kaffir,English badwords
mocky,English badwords
suckmytit,English badwords
vorarephilia,English badwords
naked,English badwords
shited,English badwords
nigg,English badwords
spermhearder,English badwords
whore,English badwords
african,English badwords
disease,English badwords
lovebone,English badwords
spreadeagle,English badwords
coprolagnia,English badwords
humping,English badwords
suicide girls,English badwords
bong,English badwords
pole smoker,English badwords
shrimping,English badwords
gin,English badwords
purinapricness,English badwords
sexslave,English badwords
big knockers,English badwords
iblowu,English badwords
pissin ,English badwords
skank,English badwords
lotion,English badwords
asshole,English badwords
easyslut,English badwords
mothafucker,English badwords
whiz,English badwords
lsd,English badwords
cocksucked ,English badwords
hosejob,English badwords
wanker,English badwords
cumjockey,English badwords
eat my ass,English badwords
lovegoo,English badwords
whites,English badwords
propaganda,English badwords
sexwhore,English badwords
cunt,English badwords
welcher,English badwords
how to murder,English badwords
scum,English badwords
phuked,English badwords
suckoff,English badwords
shithapens,English badwords
drug,English badwords
auto erotic,English badwords
sultry women,English badwords
barenaked,English badwords
wetspot,English badwords
sixtynine,English badwords
wrapping men,English badwords
buttplug,English badwords
jiggy,English badwords
alligatorbait,English badwords
flange,English badwords
shitfit,English badwords
dirty,English badwords
huge fat,English badwords
bulldyke,English badwords
orgasm,English badwords
bumfuck,English badwords
deposit,English badwords
big breasts,English badwords
sexual,English badwords
japanese,English badwords
suckmyass,English badwords
church,English badwords
goyim,English badwords
bohunk,English badwords
bigass,English badwords
fannyfucker,English badwords
gaymuthafuckinwhore,English badwords
babies,English badwords
girls,English badwords
turd,English badwords
fuck buttons,English badwords
fagging,English badwords
pisser,English badwords
sandm,English badwords
wog,English badwords
escort,English badwords
octopussy,English badwords
tinkle,English badwords
snigger,English badwords
groe,English badwords
vibrator,English badwords
dix,English badwords
swalow,English badwords
chin,English badwords
niggles,English badwords
asslicker,English badwords
molester,English badwords
backseat,English badwords
geez,English badwords
seppo,English badwords
sexually,English badwords
boong,English badwords
voyeur,English badwords
butthole,English badwords
hoser,English badwords
fore,English badwords
asswhore,English badwords
cocaine,English badwords
skanky,English badwords
european,English badwords
mothafuck,English badwords
titlicker,English badwords
buttstain,English badwords
penises,English badwords
spermacide,English badwords
mexican,English badwords
skankybitch,English badwords
white power,English badwords
puddboy,English badwords
coondog,English badwords
stripclub,English badwords
mockie,English badwords
american,English badwords
jesus,English badwords
tushy,English badwords
kumbubble,English badwords
milf,English badwords
mormon,English badwords
ontherag,English badwords
henhouse,English badwords
slutty,English badwords
big black,English badwords
dego,English badwords
daterape,English badwords
phukked,English badwords
cuntlicker ,English badwords
failed,English badwords
lezbefriends,English badwords
pissing,English badwords
bitchy,English badwords
pohm,English badwords
kigger,English badwords
nastywhore,English badwords
bangbros,English badwords
upthebutt,English badwords
cohee,English badwords
fistfuck,English badwords
fuckingbitch,English badwords
shibari,English badwords
cigs,English badwords
jiggaboo,English badwords
japcrap,English badwords
raper,English badwords
jackass,English badwords
orgasim ,English badwords
sexed,English badwords
jackoff,English badwords
baby batter,English badwords
toilet,English badwords
tampon,English badwords
uk,English badwords
porn,English badwords
snowballing,English badwords
goldenshower,English badwords
titties,English badwords
towelhead,English badwords
titjob,English badwords
abo,English badwords
molestation,English badwords
fok,English badwords
crapola,English badwords
foursome,English badwords
suicide,English badwords
scrotum,English badwords
cumming,English badwords
niggerhead,English badwords
pussie,English badwords
abuse,English badwords
analannie,English badwords
cocksucking,English badwords
breastjob,English badwords
blonde on blonde action,English badwords
paedophile,English badwords
kumming,English badwords
reestie,English badwords
suckme,English badwords
willie,English badwords
shhit,English badwords
titbitnipply,English badwords
hot chick,English badwords
skankwhore,English badwords
fudgepacker,English badwords
dragqueen,English badwords
deapthroat,English badwords
barelylegal,English badwords
circlejerk,English badwords
shinola,English badwords
hookers,English badwords
flatulence,English badwords
scat,English badwords
damn,English badwords
mafia,English badwords
anus,English badwords
gokkun,English badwords
argie,English badwords
buttpirate,English badwords
goregasm,English badwords
fagot,English badwords
fuks,English badwords
redneck,English badwords
jiga,English badwords
cockhead,English badwords
freakfuck,English badwords
2 girls 1 cup,English badwords
crotchjockey,English badwords
dripdick,English badwords
die,English badwords
fuckina,English badwords
orgy,English badwords
phungky,English badwords
beaver cleaver,English badwords
sexy,English badwords
darky,English badwords
magicwand,English badwords
screw,English badwords
dominatrix,English badwords
butt-fucker,English badwords
neonazi,English badwords
fuckpig,English badwords
manpaste,English badwords
molest,English badwords
whiskydick,English badwords
lez,English badwords
darkie,English badwords
rearend,English badwords
niggardliness's,English badwords
trojan,English badwords
smack,English badwords
lapdance,English badwords
brunette action,English badwords
hindoo,English badwords
fourtwenty,English badwords
deepthroat,English badwords
moles,English badwords
hebe,English badwords
pommy,English badwords
fuckher,English badwords
stringer,English badwords
one cup two girls,English badwords
peck,English badwords
backdoorman,English badwords
male squirting,English badwords
shiting,English badwords
clamdiver,English badwords
fairy,English badwords
pussylicker,English badwords
slav,English badwords
nigre,English badwords
robber,English badwords
horny,English badwords
penetration,English badwords
phuking,English badwords
cigarette,English badwords
dyefly,English badwords
playboy,English badwords
golden shower,English badwords
cumshot,English badwords
chinamen,English badwords
pickaninny,English badwords
diddle,English badwords
fatah,English badwords
bombers,English badwords
suckdick,English badwords
bigbastard,English badwords
pube,English badwords
mosshead,English badwords
pornking,English badwords
terror,English badwords
pimper,English badwords
fuckbuddy,English badwords
period,English badwords
catholics,English badwords
pistol,English badwords
g-spot,English badwords
doodoo,English badwords
mockey,English badwords
funeral,English badwords
prickhead,English badwords
whop,English badwords
allah,English badwords
pussyeater,English badwords
cocksmith,English badwords
executed,English badwords
barely legal,English badwords
niggarding,English badwords
swastika,English badwords
buried,English badwords
pocho,English badwords
nip,English badwords
weewee,English badwords
whiskey,English badwords
beast,English badwords
phone sex,English badwords
muncher,English badwords
fuckhead,English badwords
smackthemonkey,English badwords
badfuck,English badwords
harem,English badwords
nigerians,English badwords
bastardo,English badwords
shooting,English badwords
pissoff ,English badwords
fistfucked ,English badwords
ginzo,English badwords
mattressprincess,English badwords
primetime,English badwords
undressing,English badwords
fuckable,English badwords
puss,English badwords
bbw,English badwords
damnation,English badwords
jeez,English badwords
stroking,English badwords
leather restraint,English badwords
yankee,English badwords
piky,English badwords
beastality,English badwords
cocksucer,English badwords
goddamn,English badwords
poopchute,English badwords
shitfaced,English badwords
dickhead,English badwords
gangbanged ,English badwords
masterbate,English badwords
pikey,English badwords
rosy palm and her 5 sisters,English badwords
doggiestyle,English badwords
bitches,English badwords
desire,English badwords
pansies,English badwords
dickbrain,English badwords
sissy,English badwords
felch,English badwords
penis,English badwords
horney,English badwords
buttmunch,English badwords
baptist,English badwords
assassin,English badwords
fingering,English badwords
cock,English badwords
osama,English badwords
mothafucking ,English badwords
republican,English badwords
wetb,English badwords
freefuck,English badwords
rere,English badwords
goatse,English badwords
transexual,English badwords
bunghole,English badwords
assholes,English badwords
butt-fuck,English badwords
nig nog,English badwords
snowback,English badwords
sniper,English badwords
gangbang,English badwords
cockfight,English badwords
death,English badwords
mggor,English badwords
skankbitch,English badwords
goy,English badwords
twat,English badwords
masturbate,English badwords
usama,English badwords
babeland,English badwords
dickwad,English badwords
cornhole,English badwords
nigra,English badwords
fuckinright,English badwords
blue waffle,English badwords
clit,English badwords
niggle,English badwords
timbernigger,English badwords
picaninny,English badwords
whorefucker,English badwords
yellowman,English badwords
ass,English badwords
ero,English badwords
dommes,English badwords
nig,English badwords
lolita,English badwords
grostulation,English badwords
dixiedike,English badwords
shitfucker,English badwords
hymie,English badwords
sheeney,English badwords
asswipe,English badwords
crash,English badwords
vomit,English badwords
died,English badwords
femdom,English badwords
cameljockey,English badwords
footfuck,English badwords
sonofbitch,English badwords
cleveland steamer,English badwords
dahmer,English badwords
feltcher,English badwords
bitch,English badwords
fingerfuckers,English badwords
buttface,English badwords
evl,English badwords
dammit,English badwords
lovepistol,English badwords
twink,English badwords
shitting,English badwords
blind,English badwords
reefer,English badwords
beaver lips,English badwords
motherlovebone,English badwords
panties,English badwords
fucka,English badwords
fatass,English badwords
lugan,English badwords
devil,English badwords
pornflick,English badwords
russkie,English badwords
fight,English badwords
thirdleg,English badwords
hore,English badwords
jerk off,English badwords
negroes,English badwords
moron,English badwords
shaved beaver,English badwords
gonzagas,English badwords
drunken,English badwords
blackman,English badwords
asskisser,English badwords
crotchrot,English badwords
motherfuckin,English badwords
lezzo,English badwords
fondle,English badwords
slopey,English badwords
clusterfuck,English badwords
fister,English badwords
skankfuck,English badwords
condom,English badwords
kill,English badwords
taff,English badwords
shithouse,English badwords
cockblock,English badwords
hoes,English badwords
horniest,English badwords
kunt,English badwords
facefucker,English badwords
assmuncher,English badwords
bollock,English badwords
smut,English badwords
stupidfuck,English badwords
assmunch,English badwords
prostitute,English badwords
payo,English badwords
poorwhitetrash,English badwords
honkey,English badwords
farting ,English badwords
getiton,English badwords
bulldike,English badwords
raping,English badwords
arab,English badwords
moky,English badwords
futanari,English badwords
nigger,English badwords
illegal,English badwords
hardcore,English badwords
skinflute,English badwords
throating,English badwords
asspacker,English badwords
leather straight jacket,English badwords
raghead,English badwords
crotch,English badwords
goo girl,English badwords
knobbing,English badwords
buttman,English badwords
glazeddonut,English badwords
urethra play,English badwords
africa,English badwords
fairies,English badwords
fuckmehard,English badwords
shaved pussy,English badwords
bitchin,English badwords
fu,English badwords
cocks,English badwords
fucker,English badwords
gyppie,English badwords
kinkster,English badwords
penthouse,English badwords
biatch,English badwords
wop,English badwords
erect,English badwords
fag,English badwords
fuck,English badwords
shitfull,English badwords
vaginal,English badwords
fraud,English badwords
color,English badwords
flasher,English badwords
filipino,English badwords
sexpot,English badwords
sexymoma,English badwords
boonie,English badwords
puke,English badwords
buttcheeks,English badwords
cacker,English badwords
bdsm,English badwords
shemale,English badwords
porchmonkey,English badwords
violet blue,English badwords
eatme,English badwords
looser,English badwords
virgin,English badwords
assbagger,English badwords
limy,English badwords
negro's,English badwords
lesbian,English badwords
hustler,English badwords
cunteyed,English badwords
tarbaby,English badwords
nipples,English badwords
dumbfuck,English badwords
backdoor,English badwords
wuzzie,English badwords
sadom,English badwords
threeway,English badwords
pimpjuic,English badwords
chinaman,English badwords
brown showers,English badwords
pubes,English badwords
masturbating,English badwords
bollocks,English badwords
bunga,English badwords
sodomize,English badwords
goddammit,English badwords
footstar,English badwords
goatcx,English badwords
chink,English badwords
butthead,English badwords
liquor,English badwords
spermbag,English badwords
jailbait,English badwords
beatoff,English badwords
incest,English badwords
vagina,English badwords
urophilia,English badwords
niggarded,English badwords
kaffer,English badwords
rearentry,English badwords
motherfucking,English badwords
spic,English badwords
areola,English badwords
harder,English badwords
greaseball,English badwords
loverocket,English badwords
asshore,English badwords
perv,English badwords
fingerfood,English badwords
muff,English badwords
shaggin,English badwords
commie,English badwords
hitler,English badwords
burn,English badwords
honky,English badwords
tongue,English badwords
fubar,English badwords
oral,English badwords
dildo,English badwords
abbo,English badwords
sniggering,English badwords
bomb,English badwords
omorashi,English badwords
pedophile,English badwords
spig,English badwords
freakyfucker,English badwords
swallower,English badwords
birdlock,English badwords
bigbutt,English badwords
nastyho,English badwords
goddamnes,English badwords
pooperscooper,English badwords
bi,English badwords
sucks,English badwords
jizz,English badwords
nambla,English badwords
puntang,English badwords
gay sex,English badwords
bootycall,English badwords
reject,English badwords
enema,English badwords
sob,English badwords
spankthemonkey,English badwords
buggered,English badwords
jewish,English badwords
wuss,English badwords
asslick,English badwords
bitching,English badwords
strip club,English badwords
gringo,English badwords
pendy,English badwords
tard,English badwords
boody,English badwords
chocolate rosebuds,English badwords
buttfuck,English badwords
domination,English badwords
faeces,English badwords
splittail,English badwords
clamdigger,English badwords
shitlist,English badwords
double dong,English badwords
niggor,English badwords
motherfucked,English badwords
slimeball,English badwords
pusy,English badwords
pedobear,English badwords
excrement,English badwords
goddamnit,English badwords
stagg,English badwords
hijack,English badwords
sexkitten,English badwords
hook,English badwords
coolie,English badwords
phuq,English badwords
servant,English badwords
gyppo,English badwords
slopehead,English badwords
pud,English badwords
fingerfuck ,English badwords
dumbass,English badwords
williewanker,English badwords
fisting,English badwords
crapper,English badwords
sixtyniner,English badwords
fetish,English badwords
two girls one cup,English badwords
threesome,English badwords
bitchez,English badwords
manhater,English badwords
pudd,English badwords
nympho,English badwords
mothafuckin,English badwords
shitted,English badwords
hitlerist,English badwords
semen,English badwords
pi55,English badwords
yaoi,English badwords
scissoring,English badwords
sodomise,English badwords
ky,English badwords
big tits,English badwords
muffdiver,English badwords
farty ,English badwords
nsfw images,English badwords
ecchi,English badwords
dirty sanchez,English badwords
mooncricket,English badwords
shite,English badwords
boom,English badwords
asshat,English badwords
fat,English badwords
intercourse,English badwords
chav,English badwords
intheass,English badwords
jacktheripper,English badwords
felcher,English badwords
spaghettibender,English badwords
angry,English badwords
gaysex ,English badwords
willy,English badwords
addict,English badwords
russki,English badwords
slimebucket,English badwords
bogan,English badwords
goodpoop,English badwords
fuckme ,English badwords
shitcan,English badwords
brothel,English badwords
rentafuck,English badwords
footjob,English badwords
sick,English badwords
shitoutofluck,English badwords
paki,English badwords
rump,English badwords
licker,English badwords
nigerian,English badwords
pindick,English badwords
cockrider,English badwords
felching,English badwords
geezer,English badwords
balllicker,English badwords
ponyplay,English badwords
fuckoff,English badwords
jizzum,English badwords
sadis,English badwords
hodgie,English badwords
fatfucker,English badwords
poop,English badwords
tits,English badwords
bicurious,English badwords
bombs,English badwords
hork,English badwords
mr hands,English badwords
bi curious,English badwords
sooty,English badwords
liberal,English badwords
prick,English badwords
clover clamps,English badwords
spunky,English badwords
nymphomania,English badwords
playgirl,English badwords
vietcong,English badwords
yellow showers,English badwords
xxx,English badwords
pecker,English badwords
bitchslap,English badwords
demon,English badwords
crap,English badwords
jihad,English badwords
assjockey,English badwords
macaca,English badwords
kums,English badwords
kinky,English badwords
pooper,English badwords
homicide,English badwords
fuuck,English badwords
poon,English badwords
fear,English badwords
shitfuck,English badwords
tittie,English badwords
wanking,English badwords
girl on top,English badwords
fistfucker ,English badwords
zoophilia,English badwords
farted ,English badwords
nigglings,English badwords
hiscock,English badwords
tang,English badwords
erotism,English badwords
floo,English badwords
honger,English badwords
meth,English badwords
beaner,English badwords
kummer,English badwords
wn,English badwords
geni,English badwords
whash,English badwords
fuckinnuts,English badwords
fuckin,English badwords
tainted love,English badwords
dyke,English badwords
kotex,English badwords
suck,English badwords
poverty,English badwords
butchdike,English badwords
datnigga,English badwords
uterus,English badwords
execution,English badwords
trots,English badwords
luckycammeltoe,English badwords
roach,English badwords
swallow,English badwords
motherfuck,English badwords
blow,English badwords
ball gravy,English badwords
slutwear,English badwords
panti,English badwords
kissass,English badwords
shawtypimp,English badwords
muffdive,English badwords
mulatto,English badwords
noonan,English badwords
wab,English badwords
banging,English badwords
tunneloflove,English badwords
doggystyle,English badwords
fuckwhore,English badwords
rapist,English badwords
homobangers,English badwords
porno,English badwords
barfface,English badwords
sex,English badwords
syphilis,English badwords
pearlnecklace,English badwords
sleezeball,English badwords
sextoys,English badwords
assman,English badwords
german,English badwords
shagging,English badwords
anilingus,English badwords
stupidfucker,English badwords
loadedgun,English badwords
beastial,English badwords
shithead,English badwords
asses,English badwords
pussylover,English badwords
niggah,English badwords
gotohell,English badwords
jigga,English badwords
remains,English badwords
frotting,English badwords
thirdeye,English badwords
fuckknob,English badwords
inthebuff,English badwords
nawashi,English badwords
roundeye,English badwords
retarded,English badwords
mastabate,English badwords
disturbed,English badwords
kunnilingus,English badwords
bung hole,English badwords
pee-pee,English badwords
camwhore,English badwords
satan,English badwords
lowlife,English badwords
tubgirl,English badwords
fucks,English badwords
diseases,English badwords
blow your l,English badwords
krap,English badwords
addicts,English badwords
snatchpatch,English badwords
bra,English badwords
poontang,English badwords
snatch,English badwords
pussypounder,English badwords
shit,English badwords
knife,English badwords
pu55i,English badwords
footaction,English badwords
footlicker,English badwords
bimbos,English badwords
mothafuckaz,English badwords
pussycat,English badwords
fucking,English badwords
funfuck,English badwords
piece of shit,English badwords
boang,English badwords
nipple,English badwords
fuckit,English badwords
shoot,English badwords
quim,English badwords
booty call,English badwords
slutting,English badwords
coitus,English badwords
tit,English badwords
spermherder,English badwords
raging boner,English badwords
buttfucker,English badwords
quickie,English badwords
grope,English badwords
skum,English badwords
rectum,English badwords
kanake,English badwords
soviet,English badwords
lies,English badwords
honkers,English badwords
chinky,English badwords
dingleberry,English badwords
shota,English badwords
hillbillies,English badwords
godammit,English badwords
fugly,English badwords
nasty,English badwords
ejaculation,English badwords
waysted,English badwords
carpetmuncher,English badwords
nastybitch,English badwords
camel toe,English badwords
strappado,English badwords
jew,English badwords
limpdick,English badwords
heroin,English badwords
panty,English badwords
polack,English badwords
pornprincess,English badwords
gonorrehea,English badwords
meatbeatter,English badwords
crotchmonkey,English badwords
topless,English badwords
shithappens,English badwords
foot fetish,English badwords
canadian,English badwords
amateur,English badwords
uck,English badwords
whitenigger,English badwords
niger,English badwords
bigger,English badwords
squaw,English badwords
hand job,English badwords
buttbang,English badwords
titty,English badwords
gypo,English badwords
defecate,English badwords
kock,English badwords
niggaracci,English badwords
pussyfucker,English badwords
corruption,English badwords
girls gone wild,English badwords
boobs,English badwords
ejaculated,English badwords
shitface,English badwords
autoerotic,English badwords
creamy,English badwords
bible,English badwords
fckcum,English badwords
knockers,English badwords
fucck,English badwords
whorehouse,English badwords
cocksmoker,English badwords
queer,English badwords
cocklover,English badwords
assblaster,English badwords
bombing,English badwords
hooters,English badwords
forni,English badwords
kike,English badwords
hapa,English badwords
bazooms,English badwords
vulva,English badwords
failure,English badwords
racial,English badwords
fuckfreak,English badwords
snot,English badwords
cuntsucker,English badwords
fingerfucked ,English badwords
scallywag,English badwords
pixy,English badwords
kkk,English badwords
mastabater,English badwords
byatch,English badwords
whigger,English badwords
sos,English badwords
pussy,English badwords
group sex,English badwords
attack,English badwords
fucktard,English badwords
nook,English badwords
marijuana,English badwords
filipina,English badwords
asscowboy,English badwords
fatso,English badwords
spit,English badwords
bazongas,English badwords
chickslick,English badwords
joint,English badwords
niggards,English badwords
cockblocker,English badwords
gob,English badwords
lingerie,English badwords
anal,English badwords
headlights,English badwords
dike,English badwords
pegging,English badwords
kaffre,English badwords
taste my,English badwords
crack-whore,English badwords
lynch,English badwords
tub girl,English badwords
bullshit,English badwords
explosion,English badwords
black,English badwords
homosexual,English badwords
fucked,English badwords
showtime,English badwords
lesbin,English badwords
kid,English badwords
fellatio,English badwords
nudger,English badwords
women's,English badwords
boonga,English badwords
choad,English badwords
assault,English badwords
cra5h,English badwords
tuckahoe,English badwords
fingerfucking ,English badwords
hijacker,English badwords
athletesfoot,English badwords
pom,English badwords
livesex,English badwords
hostage,English badwords
cocknob,English badwords
nude,English badwords
hard core,English badwords
fuckbag,English badwords
hobo,English badwords
itch,English badwords
gyp,English badwords
kyke,English badwords
pros,English badwords
stupid,English badwords
radicals,English badwords
figging,English badwords
fuckfest,English badwords
hottotrot,English badwords
kinbaku,English badwords
sexhouse,English badwords
violet wand,English badwords
analsex,English badwords
nigga,English badwords
nittit,English badwords
jiz ,English badwords
suckmydick,English badwords
pussies,English badwords
hotdamn,English badwords
assfucker,English badwords
jizim,English badwords
pixie,English badwords
kum,English badwords
cemetery,English badwords
rigger,English badwords
ethical slut,English badwords
dolcett,English badwords
ejaculating ,English badwords
babe,English badwords
cumquat,English badwords
eatpussy,English badwords
phuk,English badwords
givehead,English badwords
drunk,English badwords
phukking,English badwords
shiteater,English badwords
catholic,English badwords
hooker,English badwords
cocksuck ,English badwords
cocksucker,English badwords
ball kicking,English badwords
fuckyou,English badwords
crappy,English badwords
feltching,English badwords
mideast,English badwords
ecstacy,English badwords
ribbed,English badwords
dog style,English badwords
interracial,English badwords
tongue in a,English badwords
pocha,English badwords
skankywhore,English badwords
pu55y,English badwords
motherfuckings,English badwords
piker,English badwords
peepshow,English badwords
jap,English badwords
yiffy,English badwords
tongethruster,English badwords
nigger's,English badwords
breastlover,English badwords
stroke,English badwords
twobitwhore,English badwords
shits,English badwords
israel's,English badwords
jerkoff,English badwords
bullet vibe,English badwords
assassinate,English badwords
killed,English badwords
pocketpool,English badwords
whacker,English badwords
wtf,English badwords
barf,English badwords
juggalo,English badwords
negro,English badwords
spick,English badwords
gyppy,English badwords
nymph,English badwords
snigger's,English badwords
violence,English badwords
lovemuscle,English badwords
dago,English badwords
feces,English badwords
booty,English badwords
niggers,English badwords
shitter,English badwords
sodomy,English badwords
hussy,English badwords
pisspig,English badwords
coprophilia,English badwords
christian,English badwords
pimped,English badwords
boob,English badwords
breast,English badwords
sperm,English badwords
coloured,English badwords
redlight,English badwords
blacks,English badwords
orga,English badwords
bumblefuck,English badwords
mams,English badwords
slavedriver,English badwords
killing,English badwords
uptheass,English badwords
bestial,English badwords
sweetness,English badwords
heeb,English badwords
piccaninny,English badwords
pot,English badwords
honk,English badwords
jizjuice,English badwords
fuc,English badwords
nignog,English badwords
mgger,English badwords
sexing,English badwords
virginbreaker,English badwords
samckdaddy,English badwords
masterblaster,English badwords
heterosexual,English badwords
jigger ,English badwords
blowjob,English badwords
lovegun,English badwords
shitstain,English badwords
spank,English badwords
hiv,English badwords
lesbain,English badwords
mad,English badwords
sniggers,English badwords
jizm ,English badwords
testicle,English badwords
ball sucking,English badwords
dragqween,English badwords
guro,English badwords
pubic,English badwords
titfuckin,English badwords
moneyshot,English badwords
camslut,English badwords
bountybar,English badwords
assklown,English badwords
cocky,English badwords
transsexual,English badwords
unfuckable,English badwords
bestiality,English badwords
cocklicker,English badwords
